"STATION","NAME","LATITUDE","LONGITUDE","ELEVATION","DATE","PRCP","TAVG","TMAX","TMIN"
"VMM00048825","HA DONG, VM","20.967","105.767","7.9","2012-09-04","0.0","28.6","32.3",
"VMM00048825","HA DONG, VM","20.967","105.767","7.9","2012-09-05","3.0","27.6","31.7",
"VMM00048825","HA DONG, VM","20.967","105.767","7.9","2012-09-06","20.8","26.4","28.0","25.2"
"VMM00048825","HA DONG, VM","20.967","105.767","7.9","2012-09-07","13.2","26.2","27.7","25.0"
"VMM00048825","HA DONG, VM","20.967","105.767","7.9","2012-09-08","2.3","26.8","30.4","25.1"
"VMM00048825","HA DONG, VM","20.967","105.767","7.9","2012-09-09","0.0","28.3","32.1","24.8"
"VMM00048825","HA DONG, VM","20.967","105.767","7.9","2012-09-10","0.0","29.1","33.4","25.3"
"VMM00048825","HA DONG, VM","20.967","105.767","7.9","2012-09-11","0.0","29.5","33.8","26.2"
"VMM00048825","HA DONG, VM","20.967","105.767","7.9","2012-09-12","0.0","29.9","34.0","26.4"
"VMM00048825","HA DONG, VM","20.967","105.767","7.9","2012-09-13",,"24.4","31.2",
"VMM00048825","HA DONG, VM","20.967","105.767","7.9","2012-09-14","0.0","23.9","26.0","21.9"
"VMM00048825","HA DONG, VM","20.967","105.767","7.9","2012-09-15","0.0","24.4","29.4",
"VMM00048825","HA DONG, VM","20.967","105.767","7.9","2012-09-16","0.0","26.7","31.7","21.0"
"VMM00048825","HA DONG, VM","20.967","105.767","7.9","2012-09-17","0.0","27.4","31.2","22.8"
"VMM00048825","HA DONG, VM","20.967","105.767","7.9","2012-09-18","0.0","27.9","31.5","25.5"
"VMM00048825","HA DONG, VM","20.967","105.767","7.9","2012-09-19","0.0","26.1","29.9",
"VMM00048825","HA DONG, VM","20.967","105.767","7.9","2012-09-20","40.9","25.2","28.3","22.5"
"VMM00048825","HA DONG, VM","20.967","105.767","7.9","2012-09-21","0.8","28.3","32.4","24.2"
"VMM00048825","HA DONG, VM","20.967","105.767","7.9","2012-09-22","1.5","29.3","33.7","25.5"
"VMM00048825","HA DONG, VM","20.967","105.767","7.9","2012-09-23","0.0","29.3","33.8","25.9"
"VMM00048825","HA DONG, VM","20.967","105.767","7.9","2012-09-24","0.0","29.1","33.3",
"VMM00048825","HA DONG, VM","20.967","105.767","7.9","2012-09-25","0.5","27.9","31.4","25.5"
"VMM00048825","HA DONG, VM","20.967","105.767","7.9","2012-09-26","7.4","27.5","30.9","25.6"
"VMM00048825","HA DONG, VM","20.967","105.767","7.9","2012-09-27","7.1","27.9","32.5",
"VMM00048825","HA DONG, VM","20.967","105.767","7.9","2012-09-28","22.9","28.6","31.7","24.0"
"VMM00048825","HA DONG, VM","20.967","105.767","7.9","2012-09-29","0.0","27.6","31.5",
"VMM00048825","HA DONG, VM","20.967","105.767","7.9","2012-09-30","0.0","26.6","31.2","22.7"
"VMM00048825","HA DONG, VM","20.967","105.767","7.9","2012-10-01","0.0","26.6","31.8","21.7"
"VMM00048825","HA DONG, VM","20.967","105.767","7.9","2012-10-02","0.0","27.1","31.9","22.2"
"VMM00048825","HA DONG, VM","20.967","105.767","7.9","2012-10-03","0.0","27.1","31.7","24.3"
"VMM00048825","HA DONG, VM","20.967","105.767","7.9","2012-10-04","51.8","26.1","29.0","23.2"
"VMM00048825","HA DONG, VM","20.967","105.767","7.9","2012-10-05","2.8","24.9","27.0",
"VMM00048825","HA DONG, VM","20.967","105.767","7.9","2012-10-06","6.1","24.4","26.2","23.3"
"VMM00048825","HA DONG, VM","20.967","105.767","7.9","2012-10-07","0.0","25.8","30.4","22.9"
"VMM00048825","HA DONG, VM","20.967","105.767","7.9","2012-10-08","0.0","26.2","29.8","23.4"
"VMM00048825","HA DONG, VM","20.967","105.767","7.9","2012-10-09","0.0","27.5","32.0","23.3"
"VMM00048825","HA DONG, VM","20.967","105.767","7.9","2012-10-10","0.3","26.4","29.5",
"VMM00048825","HA DONG, VM","20.967","105.767","7.9","2012-10-11","0.0","26.8","31.7","23.2"
"VMM00048825","HA DONG, VM","20.967","105.767","7.9","2012-10-12","0.0","27.3","31.6","23.6"
"VMM00048825","HA DONG, VM","20.967","105.767","7.9","2012-10-13","0.0","27.6","31.7","24.1"
"VMM00048825","HA DONG, VM","20.967","105.767","7.9","2012-10-14","0.0","27.8","32.0","24.4"
"VMM00048825","HA DONG, VM","20.967","105.767","7.9","2012-10-15","0.0","27.4","31.8",
"VMM00048825","HA DONG, VM","20.967","105.767","7.9","2012-10-16","0.0","27.3","30.5","23.7"
"VMM00048825","HA DONG, VM","20.967","105.767","7.9","2012-10-17","0.0","24.7","27.7",
"VMM00048825","HA DONG, VM","20.967","105.767","7.9","2012-10-18","0.0","26.1","30.4","22.7"
"VMM00048825","HA DONG, VM","20.967","105.767","7.9","2012-10-19","0.0","27.2","31.7","22.6"
"VMM00048825","HA DONG, VM","20.967","105.767","7.9","2012-10-20","0.0","27.5","32.4",
"VMM00048825","HA DONG, VM","20.967","105.767","7.9","2012-10-21","34.3","27.2","32.3","22.6"
"VMM00048825","HA DONG, VM","20.967","105.767","7.9","2012-10-22","0.0","26.7","30.5",
"VMM00048825","HA DONG, VM","20.967","105.767","7.9","2012-10-23","0.0","27.1","32.0",
"VMM00048825","HA DONG, VM","20.967","105.767","7.9","2012-10-24","0.0","25.8","32.0",
"VMM00048825","HA DONG, VM","20.967","105.767","7.9","2012-10-25","0.0","26.7","31.6","22.7"
"VMM00048825","HA DONG, VM","20.967","105.767","7.9","2012-10-26","0.0","27.1","30.9","23.5"
"VMM00048825","HA DONG, VM","20.967","105.767","7.9","2012-10-27","0.0","26.3","32.2",
"VMM00048825","HA DONG, VM","20.967","105.767","7.9","2012-10-28","29.0","23.5","25.4",
"VMM00048825","HA DONG, VM","20.967","105.767","7.9","2012-10-29","34.5","24.8","28.0","22.0"
"VMM00048825","HA DONG, VM","20.967","105.767","7.9","2012-10-30","0.0","25.9","29.8","22.5"
"VMM00048825","HA DONG, VM","20.967","105.767","7.9","2012-10-31","0.0","23.7","28.5",
"VMM00048825","HA DONG, VM","20.967","105.767","7.9","2012-11-01","0.0","22.4","27.5","18.4"
"VMM00048825","HA DONG, VM","20.967","105.767","7.9","2012-11-02","0.0","23.6","27.7","18.2"
"VMM00048825","HA DONG, VM","20.967","105.767","7.9","2012-11-03","0.0","25.2","29.0","21.5"
"VMM00048825","HA DONG, VM","20.967","105.767","7.9","2012-11-04","15.5","23.7","26.8",
"VMM00048825","HA DONG, VM","20.967","105.767","7.9","2012-11-05","0.0","24.4","27.0","21.2"
"VMM00048825","HA DONG, VM","20.967","105.767","7.9","2012-11-06","1.3","24.8","27.5","22.5"
"VMM00048825","HA DONG, VM","20.967","105.767","7.9","2012-11-07","0.0","26.2","30.4","22.8"
"VMM00048825","HA DONG, VM","20.967","105.767","7.9","2012-11-08","0.0","27.2","32.0","24.0"
"VMM00048825","HA DONG, VM","20.967","105.767","7.9","2012-11-09","0.0","27.9","32.2","24.3"
"VMM00048825","HA DONG, VM","20.967","105.767","7.9","2012-11-10","0.0","28.0","33.5",
"VMM00048825","HA DONG, VM","20.967","105.767","7.9","2012-11-11","7.4","20.0","21.2",
"VMM00048825","HA DONG, VM","20.967","105.767","7.9","2012-11-12","0.0","22.3","26.0","19.1"
"VMM00048825","HA DONG, VM","20.967","105.767","7.9","2012-11-13","0.0","21.7","24.2","20.1"
"VMM00048825","HA DONG, VM","20.967","105.767","7.9","2012-11-14","0.0","24.4","26.8","20.5"
"VMM00048825","HA DONG, VM","20.967","105.767","7.9","2012-11-15","2.0","25.8","29.5",
"VMM00048825","HA DONG, VM","20.967","105.767","7.9","2012-11-16","0.0","24.8","28.9",
"VMM00048825","HA DONG, VM","20.967","105.767","7.9","2012-11-17","0.0","22.1","26.5",
"VMM00048825","HA DONG, VM","20.967","105.767","7.9","2012-11-18","0.0","23.1","27.1","18.2"
"VMM00048825","HA DONG, VM","20.967","105.767","7.9","2012-11-19","0.0","23.8","26.5","21.0"
"VMM00048825","HA DONG, VM","20.967","105.767","7.9","2012-11-20","0.0","25.7","29.6","22.2"
"VMM00048825","HA DONG, VM","20.967","105.767","7.9","2012-11-21","0.0","26.5","30.7","22.9"
"VMM00048825","HA DONG, VM","20.967","105.767","7.9","2012-11-22","0.0","28.1","32.5","24.4"
"VMM00048825","HA DONG, VM","20.967","105.767","7.9","2012-11-23","0.0","24.0","30.2",
"VMM00048825","HA DONG, VM","20.967","105.767","7.9","2012-11-24","0.0","19.3","19.9",
"VMM00048825","HA DONG, VM","20.967","105.767","7.9","2012-11-25","0.5","20.6","21.7","18.0"
"VMM00048825","HA DONG, VM","20.967","105.767","7.9","2012-11-26","6.1","18.6","22.3",
"VMM00048825","HA DONG, VM","20.967","105.767","7.9","2012-11-27","18.0","17.2","18.5","14.9"
"VMM00048825","HA DONG, VM","20.967","105.767","7.9","2012-11-28","19.1","17.7","18.5","15.6"
"VMM00048825","HA DONG, VM","20.967","105.767","7.9","2012-11-29","3.0","18.8",,"17.3"
"VMM00048825","HA DONG, VM","20.967","105.767","7.9","2012-11-30","0.0","20.4","21.7","18.5"
"VMM00048825","HA DONG, VM","20.967","105.767","7.9","2012-12-01","1.5","20.9","25.4",
"VMM00048825","HA DONG, VM","20.967","105.767","7.9","2012-12-02","4.8","16.8","17.9","14.8"
"VMM00048825","HA DONG, VM","20.967","105.767","7.9","2012-12-03","1.3","17.6","18.7","16.4"
"VMM00048825","HA DONG, VM","20.967","105.767","7.9","2012-12-04","0.0","17.6","18.8",
"VMM00048825","HA DONG, VM","20.967","105.767","7.9","2012-12-05","2.3","18.3","21.0","15.7"
"VMM00048825","HA DONG, VM","20.967","105.767","7.9","2012-12-06","0.0","19.2","23.6","15.5"
"VMM00048825","HA DONG, VM","20.967","105.767","7.9","2012-12-07","0.0","18.4","20.2","16.0"
"VMM00048825","HA DONG, VM","20.967","105.767","7.9","2012-12-08","0.0","18.6","19.5","16.5"
"VMM00048825","HA DONG, VM","20.967","105.767","7.9","2012-12-09","0.0","19.9","21.5","18.1"
"VMM00048825","HA DONG, VM","20.967","105.767","7.9","2012-12-10","0.0","22.6","26.7","19.1"
"VMM00048825","HA DONG, VM","20.967","105.767","7.9","2012-12-11","0.0","18.8","20.8",
"VMM00048825","HA DONG, VM","20.967","105.767","7.9","2012-12-12","0.0","17.1",,
"VMM00048825","HA DONG, VM","20.967","105.767","7.9","2012-12-13","0.0","19.6","21.7","16.9"
"VMM00048825","HA DONG, VM","20.967","105.767","7.9","2012-12-14","0.0","21.9","26.0","18.2"
"VMM00048825","HA DONG, VM","20.967","105.767","7.9","2012-12-15","0.0","23.8","28.5",
"VMM00048825","HA DONG, VM","20.967","105.767","7.9","2012-12-16","0.0","23.8","29.1","19.8"
"VMM00048825","HA DONG, VM","20.967","105.767","7.9","2012-12-17","0.0","24.4","29.8","20.2"
"VMM00048825","HA DONG, VM","20.967","105.767","7.9","2012-12-18","0.0","19.8","22.6",
"VMM00048825","HA DONG, VM","20.967","105.767","7.9","2012-12-19","0.0","17.4","18.6","15.9"
"VMM00048825","HA DONG, VM","20.967","105.767","7.9","2012-12-20","0.0","17.6","18.5",
"VMM00048825","HA DONG, VM","20.967","105.767","7.9","2012-12-21","0.0","22.1",,"17.0"
"VMM00048825","HA DONG, VM","20.967","105.767","7.9","2012-12-22","0.0","17.0","18.3",
"VMM00048825","HA DONG, VM","20.967","105.767","7.9","2012-12-23","0.0","15.9",,
"VMM00048825","HA DONG, VM","20.967","105.767","7.9","2012-12-24","0.0","15.6","19.5",
"VMM00048825","HA DONG, VM","20.967","105.767","7.9","2012-12-25","0.0","17.4","20.6","12.9"
"VMM00048825","HA DONG, VM","20.967","105.767","7.9","2012-12-26","0.0","16.9","17.8","15.6"
"VMM00048825","HA DONG, VM","20.967","105.767","7.9","2012-12-27","0.8","17.5","19.0","15.5"
"VMM00048825","HA DONG, VM","20.967","105.767","7.9","2012-12-28","0.3","17.4",,"15.5"
"VMM00048825","HA DONG, VM","20.967","105.767","7.9","2012-12-29","0.3","17.4","20.4",
"VMM00048825","HA DONG, VM","20.967","105.767","7.9","2012-12-30","0.0","13.8","16.0",
"VMM00048825","HA DONG, VM","20.967","105.767","7.9","2012-12-31","0.0","13.3","14.5","11.8"
"VMM00048825","HA DONG, VM","20.967","105.767","7.9","2013-01-01","0.0","14.3","15.8","12.5"
"VMM00048825","HA DONG, VM","20.967","105.767","7.9","2013-01-02","0.0","14.8","16.2","13.7"
"VMM00048825","HA DONG, VM","20.967","105.767","7.9","2013-01-03","4.6","13.2","14.8",
"VMM00048825","HA DONG, VM","20.967","105.767","7.9","2013-01-04","0.0","10.8","11.9",
"VMM00048825","HA DONG, VM","20.967","105.767","7.9","2013-01-05","1.0","10.1",,"9.1"
"VMM00048825","HA DONG, VM","20.967","105.767","7.9","2013-01-06","1.8","11.4","13.0","9.1"
"VMM00048825","HA DONG, VM","20.967","105.767","7.9","2013-01-07","0.5","11.4","12.5","10.0"
"VMM00048825","HA DONG, VM","20.967","105.767","7.9","2013-01-08","1.0","11.6","12.3","10.6"
"VMM00048825","HA DONG, VM","20.967","105.767","7.9","2013-01-09","0.5","13.2","15.4","11.0"
"VMM00048825","HA DONG, VM","20.967","105.767","7.9","2013-01-10","0.0","13.7","16.0","12.4"
"VMM00048825","HA DONG, VM","20.967","105.767","7.9","2013-01-11","0.0","12.4","13.2","12.0"
"VMM00048825","HA DONG, VM","20.967","105.767","7.9","2013-01-12","1.5","12.7","15.1",
"VMM00048825","HA DONG, VM","20.967","105.767","7.9","2013-01-13","0.0","14.0","17.4","9.4"
"VMM00048825","HA DONG, VM","20.967","105.767","7.9","2013-01-14","0.0","14.6","16.3","11.9"
"VMM00048825","HA DONG, VM","20.967","105.767","7.9","2013-01-15","0.8","14.9","15.3","13.8"
"VMM00048825","HA DONG, VM","20.967","105.767","7.9","2013-01-16","1.0","16.5","18.0","14.5"
"VMM00048825","HA DONG, VM","20.967","105.767","7.9","2013-01-17","10.9","15.5","16.8",
"VMM00048825","HA DONG, VM","20.967","105.767","7.9","2013-01-18","1.0","14.4","15.6","13.6"
"VMM00048825","HA DONG, VM","20.967","105.767","7.9","2013-01-19","0.0","15.6","18.0","12.7"
"VMM00048825","HA DONG, VM","20.967","105.767","7.9","2013-01-20","0.0","17.7","20.3","14.4"
"VMM00048825","HA DONG, VM","20.967","105.767","7.9","2013-01-21","0.0","19.9","22.9","16.8"
"VMM00048825","HA DONG, VM","20.967","105.767","7.9","2013-01-22","0.0","20.2","23.5",
"VMM00048825","HA DONG, VM","20.967","105.767","7.9","2013-01-23","0.0","19.9","23.7","17.6"
"VMM00048825","HA DONG, VM","20.967","105.767","7.9","2013-01-24","0.0","19.3","21.8",
"VMM00048825","HA DONG, VM","20.967","105.767","7.9","2013-01-25","0.5","17.2","19.2",
"VMM00048825","HA DONG, VM","20.967","105.767","7.9","2013-01-26","0.3","15.8","16.5",
"VMM00048825","HA DONG, VM","20.967","105.767","7.9","2013-01-27","2.8","17.6","20.8","14.9"
"VMM00048825","HA DONG, VM","20.967","105.767","7.9","2013-01-28","0.0","16.9","18.8","15.5"
"VMM00048825","HA DONG, VM","20.967","105.767","7.9","2013-01-29","0.5","17.7","19.0","15.2"
"VMM00048825","HA DONG, VM","20.967","105.767","7.9","2013-01-30","0.0","20.4","23.5","17.6"
"VMM00048825","HA DONG, VM","20.967","105.767","7.9","2013-01-31","0.0","21.4","24.0","19.6"
"VMM00048825","HA DONG, VM","20.967","105.767","7.9","2013-02-01","0.0","22.2","26.6","19.2"
"VMM00048825","HA DONG, VM","20.967","105.767","7.9","2013-02-02","0.0","21.6","24.3",
"VMM00048825","HA DONG, VM","20.967","105.767","7.9","2013-02-03","0.0","22.7","26.7","17.7"
"VMM00048825","HA DONG, VM","20.967","105.767","7.9","2013-02-04","6.4","21.2","23.3","20.1"
"VMM00048825","HA DONG, VM","20.967","105.767","7.9","2013-02-05","0.0","23.6","27.4","20.0"
"VMM00048825","HA DONG, VM","20.967","105.767","7.9","2013-02-06","0.0","24.3","27.9","21.9"
"VMM00048825","HA DONG, VM","20.967","105.767","7.9","2013-02-07","0.0","24.5","28.5","22.3"
"VMM00048825","HA DONG, VM","20.967","105.767","7.9","2013-02-08","0.5","21.2","26.3",
"VMM00048825","HA DONG, VM","20.967","105.767","7.9","2013-02-09","4.1","14.2","15.2",
"VMM00048825","HA DONG, VM","20.967","105.767","7.9","2013-02-10","0.0","14.9","16.5","12.2"
"VMM00048825","HA DONG, VM","20.967","105.767","7.9","2013-02-11","1.3","16.3","17.5","14.3"
"VMM00048825","HA DONG, VM","20.967","105.767","7.9","2013-02-12","3.0","16.5","18.0",
"VMM00048825","HA DONG, VM","20.967","105.767","7.9","2013-02-13","0.0","16.7","17.6","14.2"
"VMM00048825","HA DONG, VM","20.967","105.767","7.9","2013-02-14","0.0","18.8","21.7","16.4"
"VMM00048825","HA DONG, VM","20.967","105.767","7.9","2013-02-15","3.0","17.4","19.0",
"VMM00048825","HA DONG, VM","20.967","105.767","7.9","2013-02-16","0.0","18.3","20.4","14.4"
"VMM00048825","HA DONG, VM","20.967","105.767","7.9","2013-02-17","0.0","20.5","25.2","16.6"
"VMM00048825","HA DONG, VM","20.967","105.767","7.9","2013-02-18","0.5","22.9","26.4","19.2"
"VMM00048825","HA DONG, VM","20.967","105.767","7.9","2013-02-19","2.3","20.9","23.2",
"VMM00048825","HA DONG, VM","20.967","105.767","7.9","2013-02-20","2.0","15.1","16.0",
"VMM00048825","HA DONG, VM","20.967","105.767","7.9","2013-02-21","2.5","15.1","15.7","13.8"
"VMM00048825","HA DONG, VM","20.967","105.767","7.9","2013-02-22","3.0","15.9","17.4","13.7"
"VMM00048825","HA DONG, VM","20.967","105.767","7.9","2013-02-23","0.0","19.2","23.0","15.5"
"VMM00048825","HA DONG, VM","20.967","105.767","7.9","2013-02-24","0.0","19.6","23.0","16.9"
"VMM00048825","HA DONG, VM","20.967","105.767","7.9","2013-02-25","0.0","21.1","23.4","18.3"
"VMM00048825","HA DONG, VM","20.967","105.767","7.9","2013-02-26","0.0","23.1",,"19.8"
"VMM00048825","HA DONG, VM","20.967","105.767","7.9","2013-02-27","0.0","23.5","26.8","21.6"
"VMM00048825","HA DONG, VM","20.967","105.767","7.9","2013-02-28","0.0","24.9","28.0","22.0"
"VMM00048825","HA DONG, VM","20.967","105.767","7.9","2013-03-01","0.0","25.3","29.5",
"VMM00048825","HA DONG, VM","20.967","105.767","7.9","2013-03-02","1.8","21.8","27.5",
"VMM00048825","HA DONG, VM","20.967","105.767","7.9","2013-03-03","0.0","17.8","19.7","16.0"
"VMM00048825","HA DONG, VM","20.967","105.767","7.9","2013-03-04","0.0","17.8","20.0","16.7"
"VMM00048825","HA DONG, VM","20.967","105.767","7.9","2013-03-05","0.0","19.8","24.2","16.5"
"VMM00048825","HA DONG, VM","20.967","105.767","7.9","2013-03-06","0.0","20.6","25.0","15.7"
"VMM00048825","HA DONG, VM","20.967","105.767","7.9","2013-03-07","0.0","22.6","26.7","18.0"
"VMM00048825","HA DONG, VM","20.967","105.767","7.9","2013-03-08","0.0","22.7","27.3","19.2"
"VMM00048825","HA DONG, VM","20.967","105.767","7.9","2013-03-09","0.0","22.8","26.8","20.0"
"VMM00048825","HA DONG, VM","20.967","105.767","7.9","2013-03-10","0.0","23.3","26.0","20.6"
"VMM00048825","HA DONG, VM","20.967","105.767","7.9","2013-03-11","0.0","23.4","27.3",
"VMM00048825","HA DONG, VM","20.967","105.767","7.9","2013-03-12","0.8","22.7","24.0","21.4"
"VMM00048825","HA DONG, VM","20.967","105.767","7.9","2013-03-13","0.0","24.6","28.5","22.0"
"VMM00048825","HA DONG, VM","20.967","105.767","7.9","2013-03-14","0.0","24.1","27.5",
"VMM00048825","HA DONG, VM","20.967","105.767","7.9","2013-03-15","0.0","23.3","25.0","21.7"
"VMM00048825","HA DONG, VM","20.967","105.767","7.9","2013-03-16","0.0","25.1","27.9","22.7"
"VMM00048825","HA DONG, VM","20.967","105.767","7.9","2013-03-17","0.0","25.1","27.5","23.7"
"VMM00048825","HA DONG, VM","20.967","105.767","7.9","2013-03-18","0.0","25.5","28.7","23.5"
"VMM00048825","HA DONG, VM","20.967","105.767","7.9","2013-03-19","0.0","26.4","30.0","23.5"
"VMM00048825","HA DONG, VM","20.967","105.767","7.9","2013-03-20","0.0","26.7","30.5","24.5"
"VMM00048825","HA DONG, VM","20.967","105.767","7.9","2013-03-21","1.0","26.2","28.6","24.0"
"VMM00048825","HA DONG, VM","20.967","105.767","7.9","2013-03-22","0.0","25.9","29.4","23.9"
"VMM00048825","HA DONG, VM","20.967","105.767","7.9","2013-03-23","0.0","26.7","30.5","23.9"
"VMM00048825","HA DONG, VM","20.967","105.767","7.9","2013-03-24","0.0","26.7","30.5","24.2"
"VMM00048825","HA DONG, VM","20.967","105.767","7.9","2013-03-25","0.0","26.7","30.0","23.6"
"VMM00048825","HA DONG, VM","20.967","105.767","7.9","2013-03-26","0.0","26.7","30.2",
"VMM00048825","HA DONG, VM","20.967","105.767","7.9","2013-03-27","8.4","22.1","23.9",
"VMM00048825","HA DONG, VM","20.967","105.767","7.9","2013-03-28","2.0","24.9","28.1","20.4"
"VMM00048825","HA DONG, VM","20.967","105.767","7.9","2013-03-29","4.3","22.7","24.0",
"VMM00048825","HA DONG, VM","20.967","105.767","7.9","2013-03-30","9.7","22.5","25.8","20.5"
"VMM00048825","HA DONG, VM","20.967","105.767","7.9","2013-03-31","39.1","22.4","25.1","19.6"
"VMM00048825","HA DONG, VM","20.967","105.767","7.9","2013-04-01","1.0","22.9","24.0","20.7"
"VMM00048825","HA DONG, VM","20.967","105.767","7.9","2013-04-02","0.5","25.1","28.5","22.4"
"VMM00048825","HA DONG, VM","20.967","105.767","7.9","2013-04-03","2.0","26.2","29.4","23.3"
"VMM00048825","HA DONG, VM","20.967","105.767","7.9","2013-04-04","0.8","26.4","29.5","24.2"
"VMM00048825","HA DONG, VM","20.967","105.767","7.9","2013-04-05","0.0","28.3","32.5","25.5"
"VMM00048825","HA DONG, VM","20.967","105.767","7.9","2013-04-06","0.0","22.2","25.4",
"VMM00048825","HA DONG, VM","20.967","105.767","7.9","2013-04-07","0.0","20.8","23.5",
"VMM00048825","HA DONG, VM","20.967","105.767","7.9","2013-04-08","0.0","20.7","23.0","18.1"
"VMM00048825","HA DONG, VM","20.967","105.767","7.9","2013-04-09","1.0","21.2","23.5","18.6"
"VMM00048825","HA DONG, VM","20.967","105.767","7.9","2013-04-10","9.4","19.2","22.1",
"VMM00048825","HA DONG, VM","20.967","105.767","7.9","2013-04-11","0.3","18.8","19.6","17.0"
"VMM00048825","HA DONG, VM","20.967","105.767","7.9","2013-04-12","0.0","20.1","22.7","17.8"
"VMM00048825","HA DONG, VM","20.967","105.767","7.9","2013-04-13","0.0","21.2","24.8","18.3"
"VMM00048825","HA DONG, VM","20.967","105.767","7.9","2013-04-14","0.0","21.7","25.0","18.9"
"VMM00048825","HA DONG, VM","20.967","105.767","7.9","2013-04-15","0.0","23.8","27.7","19.4"
"VMM00048825","HA DONG, VM","20.967","105.767","7.9","2013-04-16","0.0","24.9","28.7","22.0"
"VMM00048825","HA DONG, VM","20.967","105.767","7.9","2013-04-17","0.0","26.8","31.7","22.9"
"VMM00048825","HA DONG, VM","20.967","105.767","7.9","2013-04-18","0.3","27.3","31.4","24.4"
"VMM00048825","HA DONG, VM","20.967","105.767","7.9","2013-04-19","0.0","27.2","31.3","24.2"
"VMM00048825","HA DONG, VM","20.967","105.767","7.9","2013-04-20","0.0","27.9","31.5","25.0"
"VMM00048825","HA DONG, VM","20.967","105.767","7.9","2013-04-21","2.0","26.5","29.0",
"VMM00048825","HA DONG, VM","20.967","105.767","7.9","2013-04-22","0.0","26.9","30.7","24.0"
"VMM00048825","HA DONG, VM","20.967","105.767","7.9","2013-04-23","0.5","26.7","31.8",
"VMM00048825","HA DONG, VM","20.967","105.767","7.9","2013-04-24","3.3","27.3","31.7","23.3"
"VMM00048825","HA DONG, VM","20.967","105.767","7.9","2013-04-25","0.0","27.3","32.5",
"VMM00048825","HA DONG, VM","20.967","105.767","7.9","2013-04-26","8.4","25.3","28.5","22.5"
"VMM00048825","HA DONG, VM","20.967","105.767","7.9","2013-04-27","0.0","26.6","30.0","23.2"
"VMM00048825","HA DONG, VM","20.967","105.767","7.9","2013-04-28","0.0","27.1","31.9",
"VMM00048825","HA DONG, VM","20.967","105.767","7.9","2013-04-29","9.4","27.8","32.5","23.7"
"VMM00048825","HA DONG, VM","20.967","105.767","7.9","2013-04-30","0.0","28.0","33.7",
"VMM00048825","HA DONG, VM","20.967","105.767","7.9","2013-05-01","64.0","24.7","28.2","21.6"
"VMM00048825","HA DONG, VM","20.967","105.767","7.9","2013-05-02","27.7","25.2","28.5","22.2"
"VMM00048825","HA DONG, VM","20.967","105.767","7.9","2013-05-03","1.0","25.8","29.7",
"VMM00048825","HA DONG, VM","20.967","105.767","7.9","2013-05-04","32.5","23.6","25.1","21.5"
"VMM00048825","HA DONG, VM","20.967","105.767","7.9","2013-05-05","1.8","26.3","29.8","22.5"
"VMM00048825","HA DONG, VM","20.967","105.767","7.9","2013-05-06","27.4","25.1","31.8",
"VMM00048825","HA DONG, VM","20.967","105.767","7.9","2013-05-07","0.0","26.7","31.2","22.6"
"VMM00048825","HA DONG, VM","20.967","105.767","7.9","2013-05-08","0.0","27.5","31.2","23.9"
"VMM00048825","HA DONG, VM","20.967","105.767","7.9","2013-05-09","2.0","27.5","33.2",
"VMM00048825","HA DONG, VM","20.967","105.767","7.9","2013-05-10","0.0","27.9","31.7","24.0"
"VMM00048825","HA DONG, VM","20.967","105.767","7.9","2013-05-11","0.0","26.8","29.7",
"VMM00048825","HA DONG, VM","20.967","105.767","7.9","2013-05-12","0.0","27.3","31.0","24.0"
"VMM00048825","HA DONG, VM","20.967","105.767","7.9","2013-05-13","0.0","29.0","33.6","25.2"
"VMM00048825","HA DONG, VM","20.967","105.767","7.9","2013-05-14","0.0","31.7","37.0","26.5"
"VMM00048825","HA DONG, VM","20.967","105.767","7.9","2013-05-15","0.0","33.1","38.5","28.5"
"VMM00048825","HA DONG, VM","20.967","105.767","7.9","2013-05-16","0.0","33.6","39.6","28.5"
"VMM00048825","HA DONG, VM","20.967","105.767","7.9","2013-05-17","7.9","29.2","35.4",
"VMM00048825","HA DONG, VM","20.967","105.767","7.9","2013-05-18","4.1","28.2","34.5","24.9"
"VMM00048825","HA DONG, VM","20.967","105.767","7.9","2013-05-19","0.0","31.6","36.3","26.0"
"VMM00048825","HA DONG, VM","20.967","105.767","7.9","2013-05-20","0.0","30.8","37.0",
"VMM00048825","HA DONG, VM","20.967","105.767","7.9","2013-05-21","0.0","28.8","33.3","25.1"
"VMM00048825","HA DONG, VM","20.967","105.767","7.9","2013-05-22","0.0","30.6","34.8","26.4"
"VMM00048825","HA DONG, VM","20.967","105.767","7.9","2013-05-23","0.0","28.0","31.7",
"VMM00048825","HA DONG, VM","20.967","105.767","7.9","2013-05-24","29.0","27.8","32.5","25.8"
"VMM00048825","HA DONG, VM","20.967","105.767","7.9","2013-05-25","9.9","28.5","34.5",
"VMM00048825","HA DONG, VM","20.967","105.767","7.9","2013-05-26","2.8","31.1","36.4","24.7"
"VMM00048825","HA DONG, VM","20.967","105.767","7.9","2013-05-27","0.0","32.0","37.0","27.5"
"VMM00048825","HA DONG, VM","20.967","105.767","7.9","2013-05-28","0.0","31.9","37.4",
"VMM00048825","HA DONG, VM","20.967","105.767","7.9","2013-05-29","10.9","28.3","30.0",
"VMM00048825","HA DONG, VM","20.967","105.767","7.9","2013-05-30","4.1","25.5","29.8",
"VMM00048825","HA DONG, VM","20.967","105.767","7.9","2013-05-31","1.8","29.2","33.4","24.3"
"VMM00048825","HA DONG, VM","20.967","105.767","7.9","2013-06-01","0.0","29.9",,"26.4"
"VMM00048825","HA DONG, VM","20.967","105.767","7.9","2013-06-02","0.0","28.3","33.7",
"VMM00048825","HA DONG, VM","20.967","105.767","7.9","2013-06-03","9.1","28.2","32.8","24.6"
"VMM00048825","HA DONG, VM","20.967","105.767","7.9","2013-06-04","0.0","29.1","34.0","26.1"
"VMM00048825","HA DONG, VM","20.967","105.767","7.9","2013-06-05","0.0","29.6","33.0","26.7"
"VMM00048825","HA DONG, VM","20.967","105.767","7.9","2013-06-06","0.0","30.0","34.0",
"VMM00048825","HA DONG, VM","20.967","105.767","7.9","2013-06-07","7.4","29.8","34.5","25.6"
"VMM00048825","HA DONG, VM","20.967","105.767","7.9","2013-06-08","22.6","32.2","36.8","25.0"
"VMM00048825","HA DONG, VM","20.967","105.767","7.9","2013-06-09","0.0","31.8","38.1",
"VMM00048825","HA DONG, VM","20.967","105.767","7.9","2013-06-10","43.9","25.3","26.5","24.7"
"VMM00048825","HA DONG, VM","20.967","105.767","7.9","2013-06-11","0.0","26.9","29.6","23.6"
"VMM00048825","HA DONG, VM","20.967","105.767","7.9","2013-06-12","0.0","27.8","33.4",
"VMM00048825","HA DONG, VM","20.967","105.767","7.9","2013-06-13","0.0","28.0","33.3","22.4"
"VMM00048825","HA DONG, VM","20.967","105.767","7.9","2013-06-14","0.0","28.3","33.0","22.6"
"VMM00048825","HA DONG, VM","20.967","105.767","7.9","2013-06-15","0.0","30.1","35.4","24.5"
"VMM00048825","HA DONG, VM","20.967","105.767","7.9","2013-06-16","0.0","29.6","32.3","27.2"
"VMM00048825","HA DONG, VM","20.967","105.767","7.9","2013-06-17","5.6","29.6","33.4","26.6"
"VMM00048825","HA DONG, VM","20.967","105.767","7.9","2013-06-18","0.0","30.3","34.0","27.3"
"VMM00048825","HA DONG, VM","20.967","105.767","7.9","2013-06-19","0.0","31.3","36.0","27.9"
"VMM00048825","HA DONG, VM","20.967","105.767","7.9","2013-06-20","0.0","30.7","35.2",
"VMM00048825","HA DONG, VM","20.967","105.767","7.9","2013-06-21","0.0","30.9","35.0","27.5"
"VMM00048825","HA DONG, VM","20.967","105.767","7.9","2013-06-22","0.5","30.4","35.5","27.4"
"VMM00048825","HA DONG, VM","20.967","105.767","7.9","2013-06-23","41.4","27.8","31.1",
"VMM00048825","HA DONG, VM","20.967","105.767","7.9","2013-06-24","73.4","26.3","28.3","25.0"
"VMM00048825","HA DONG, VM","20.967","105.767","7.9","2013-06-25","18.8","27.2","30.4","26.0"
"VMM00048825","HA DONG, VM","20.967","105.767","7.9","2013-06-26","0.0","30.1","34.5","26.0"
"VMM00048825","HA DONG, VM","20.967","105.767","7.9","2013-06-27","0.0","31.2","35.0","27.4"
"VMM00048825","HA DONG, VM","20.967","105.767","7.9","2013-06-28","0.0","31.1","36.3",
"VMM00048825","HA DONG, VM","20.967","105.767","7.9","2013-06-29","0.3","31.2","36.7",
"VMM00048825","HA DONG, VM","20.967","105.767","7.9","2013-06-30","14.5","30.6","36.7","26.0"
"VMM00048825","HA DONG, VM","20.967","105.767","7.9","2013-07-01","14.2","29.6","33.7","25.1"
"VMM00048825","HA DONG, VM","20.967","105.767","7.9","2013-07-02","0.0","28.6","34.7",
"VMM00048825","HA DONG, VM","20.967","105.767","7.9","2013-07-03","5.6","29.2","33.0","25.2"
"VMM00048825","HA DONG, VM","20.967","105.767","7.9","2013-07-04","0.0","30.0","34.0","26.6"
"VMM00048825","HA DONG, VM","20.967","105.767","7.9","2013-07-05","0.0","30.9","35.0","27.7"
"VMM00048825","HA DONG, VM","20.967","105.767","7.9","2013-07-06","0.0","31.0","35.0","27.7"
"VMM00048825","HA DONG, VM","20.967","105.767","7.9","2013-07-07","23.9","29.3","34.6",
"VMM00048825","HA DONG, VM","20.967","105.767","7.9","2013-07-08","0.0","30.0","34.0","25.5"
"VMM00048825","HA DONG, VM","20.967","105.767","7.9","2013-07-09","3.0","28.8","32.0","26.2"
"VMM00048825","HA DONG, VM","20.967","105.767","7.9","2013-07-10","0.8","29.4","32.8","27.0"
"VMM00048825","HA DONG, VM","20.967","105.767","7.9","2013-07-11","0.0","28.2","30.5","26.4"
"VMM00048825","HA DONG, VM","20.967","105.767","7.9","2013-07-12","0.0","29.1","33.7",
"VMM00048825","HA DONG, VM","20.967","105.767","7.9","2013-07-13","2.0","29.2","34.2","25.7"
"VMM00048825","HA DONG, VM","20.967","105.767","7.9","2013-07-14","0.3","29.7","33.7","26.6"
"VMM00048825","HA DONG, VM","20.967","105.767","7.9","2013-07-15","0.0","28.7","31.4",
"VMM00048825","HA DONG, VM","20.967","105.767","7.9","2013-07-16","1.0","27.2",,
"VMM00048825","HA DONG, VM","20.967","105.767","7.9","2013-07-17","50.0","27.5","30.5","23.4"
"VMM00048825","HA DONG, VM","20.967","105.767","7.9","2013-07-18","8.6","27.7","31.0","24.9"
"VMM00048825","HA DONG, VM","20.967","105.767","7.9","2013-07-19","35.3","28.6","32.0","25.1"
"VMM00048825","HA DONG, VM","20.967","105.767","7.9","2013-07-20","2.0","28.2","33.2","26.2"
"VMM00048825","HA DONG, VM","20.967","105.767","7.9","2013-07-21","0.8","28.7","31.8","26.3"
"VMM00048825","HA DONG, VM","20.967","105.767","7.9","2013-07-22","2.0","27.7","30.5",
"VMM00048825","HA DONG, VM","20.967","105.767","7.9","2013-07-23","31.5","25.9","28.0","25.2"
"VMM00048825","HA DONG, VM","20.967","105.767","7.9","2013-07-24","0.3","28.3","32.9","25.0"
"VMM00048825","HA DONG, VM","20.967","105.767","7.9","2013-07-25","0.0","29.5","33.5","25.2"
"VMM00048825","HA DONG, VM","20.967","105.767","7.9","2013-07-26","0.0","28.2","33.0",
"VMM00048825","HA DONG, VM","20.967","105.767","7.9","2013-07-27","30.7","25.8","27.2","24.2"
"VMM00048825","HA DONG, VM","20.967","105.767","7.9","2013-07-28","30.0","26.1","27.4","25.3"
"VMM00048825","HA DONG, VM","20.967","105.767","7.9","2013-07-29","51.1","26.7","29.3","25.0"
"VMM00048825","HA DONG, VM","20.967","105.767","7.9","2013-07-30","0.3","27.2","30.6","25.3"
"VMM00048825","HA DONG, VM","20.967","105.767","7.9","2013-07-31","0.8","29.0","33.7","25.1"
"VMM00048825","HA DONG, VM","20.967","105.767","7.9","2013-08-01","0.0","30.2","34.7",
"VMM00048825","HA DONG, VM","20.967","105.767","7.9","2013-08-02","5.6","30.6","34.7","25.8"
"VMM00048825","HA DONG, VM","20.967","105.767","7.9","2013-08-03","114.8","26.2","28.1",
"VMM00048825","HA DONG, VM","20.967","105.767","7.9","2013-08-04","0.0","29.5","33.3","25.2"
"VMM00048825","HA DONG, VM","20.967","105.767","7.9","2013-08-05","0.0","29.6","33.2","26.6"
"VMM00048825","HA DONG, VM","20.967","105.767","7.9","2013-08-06","0.0","29.6","33.6",
"VMM00048825","HA DONG, VM","20.967","105.767","7.9","2013-08-07","21.6","27.6","33.4",
"VMM00048825","HA DONG, VM","20.967","105.767","7.9","2013-08-08","176.3","24.3","25.5",
"VMM00048825","HA DONG, VM","20.967","105.767","7.9","2013-08-09","59.4","26.5","28.6","24.0"
"VMM00048825","HA DONG, VM","20.967","105.767","7.9","2013-08-10","0.3","27.4","30.8","25.4"
"VMM00048825","HA DONG, VM","20.967","105.767","7.9","2013-08-11","0.0","29.3","33.6","25.3"
"VMM00048825","HA DONG, VM","20.967","105.767","7.9","2013-08-12","0.0","29.6","34.0","26.4"
"VMM00048825","HA DONG, VM","20.967","105.767","7.9","2013-08-13","0.0","30.5","35.1","26.4"
"VMM00048825","HA DONG, VM","20.967","105.767","7.9","2013-08-14","0.0","30.9","36.5","27.2"
"VMM00048825","HA DONG, VM","20.967","105.767","7.9","2013-08-15","0.0","30.7","34.5","27.4"
"VMM00048825","HA DONG, VM","20.967","105.767","7.9","2013-08-16","0.0","31.8","36.1",
"VMM00048825","HA DONG, VM","20.967","105.767","7.9","2013-08-17","0.0","30.3","35.7",
"VMM00048825","HA DONG, VM","20.967","105.767","7.9","2013-08-18","8.6","29.3","34.5","24.0"
"VMM00048825","HA DONG, VM","20.967","105.767","7.9","2013-08-19","0.3","28.2","33.2",
"VMM00048825","HA DONG, VM","20.967","105.767","7.9","2013-08-20","42.7","26.1","27.2","24.8"
"VMM00048825","HA DONG, VM","20.967","105.767","7.9","2013-08-21","0.0","27.4","31.0",
"VMM00048825","HA DONG, VM","20.967","105.767","7.9","2013-08-22","12.4","29.2","34.0","24.2"
"VMM00048825","HA DONG, VM","20.967","105.767","7.9","2013-08-23","0.0","30.7","35.2","26.5"
"VMM00048825","HA DONG, VM","20.967","105.767","7.9","2013-08-24","4.1","26.5","27.2","25.9"
"VMM00048825","HA DONG, VM","20.967","105.767","7.9","2013-08-25","4.8","27.7","31.8","25.5"
"VMM00048825","HA DONG, VM","20.967","105.767","7.9","2013-08-26","18.0","27.8","31.5","25.7"
"VMM00048825","HA DONG, VM","20.967","105.767","7.9","2013-08-27","0.0","29.8","34.4","26.0"
"VMM00048825","HA DONG, VM","20.967","105.767","7.9","2013-08-28","0.0","30.5","34.7","26.7"
"VMM00048825","HA DONG, VM","20.967","105.767","7.9","2013-08-29","0.0","30.1","36.0",
"VMM00048825","HA DONG, VM","20.967","105.767","7.9","2013-08-30","0.0","29.1","33.5","26.5"
"VMM00048825","HA DONG, VM","20.967","105.767","7.9","2013-08-31","8.1","28.2","33.0",
"VMM00048825","HA DONG, VM","20.967","105.767","7.9","2013-09-01","37.3","26.0","27.0",
"VMM00048825","HA DONG, VM","20.967","105.767","7.9","2013-09-02","1.5","27.5","29.4","25.6"
"VMM00048825","HA DONG, VM","20.967","105.767","7.9","2013-09-03","0.3","28.4","31.5",
"VMM00048825","HA DONG, VM","20.967","105.767","7.9","2013-09-04","0.0","25.4",,"23.8"
